000434271f63a053c4128a0ba6352c7f.png,350,603,2152,2126
00053190460d56c53cc3e57321387478.png,296,414,1898,1872
0005e8e3701dfb1dd93d53e2ff537b6e.png,644,386,2456,2105
0006e0a85696f6bb578e84fafa9a5607.png,576,434,2318,1855
0007d316f756b3fa0baea2ff514ce945.png,314,693,2107,2169
000ae00eb3942d27e0b97903dd563a6e.png,756,286,2747,2087
000d68e42b71d3eac10ccc077aba07c1.png,176,0,2073,1509
00150343289f317a0ad5629d5b7d9ef9.png,334,245,2278,1247
00176f7e1b1cb835123f95960b9a9efd.png,340,284,2388,2170
001d127bad87592efe45a5c7678f8b8d.png,586,353,2572,1899
0021df30f3fddef551eb3df4354b1d06.png,467,468,2604,2303
00291f7aff0123ea76a59998effef229.png,621,338,2620,2212
0032c6091dc8f1b1245fc2f5f45458fa.png,198,306,2061,1885
003cfe5ce5c0ec5163138eb3b740e328.png,393,502,1780,1720
0046f681f078851293c4e710c4466058.png,98,416,2074,2242
004d2bc2111d639f5e8441ced52d55cb.png,97,367,1916,1853
004dc2a50591fb5f1aaf012bffa95fd9.png,290,368,1943,2178
00575e3846ebd05a909d97ba59c53d30.png,328,280,2289,1855
0059d21bef1793fa9522e4ec8cae1a1a.png,190,524,2380,2215
005be26a68485912e007a3703f43d60a.png,555,344,2462,2131
005d70155f949c7785671800f2c8e1ca.png,106,417,2126,2272
0061cf6d35e253b6e7f03940592cc35e.png,257,392,2123,2209
006501b11e04aec2d403177b9ae0f34c.png,709,220,2338,1994
00675cd546313f912cadd4ad54415d69.png,375,556,2296,1861
006e2726c6aa72f042a08b1406c39d52.png,463,628,2255,1836
006e5626f560c1a2a74f953d71f16c11.png,547,576,2549,2091
0071fbed56e53f6bfe416b7558b31f98.png,277,198,1890,1591
0076d6a1e3139927fd62459c54276c3c.png,227,408,1981,1846
007a5b30bc5eadb13017059543e0b6be.png,246,121,1761,1472
007c1195aab852cff5c20736be26a1ae.png,173,191,1981,1745
008b3176a7248a0a189b5731ac8d2e95.png,344,275,2047,1216
00948e3e6acc03044af454fb9700ca60.png,804,972,2788,2660
00958b3a4705cddb0d3d3b1a2c806f26.png,166,224,1804,1670
009917a5aad749f5237c4cef18f0f235.png,219,350,1746,1750
009d4c31ebf87e51c5c8c160a4bd8006.png,587,549,2371,1940
009d837e29ba400e03856cf8d6a5b545.png,210,298,2071,1887
009fc6795a7be2faa76c6e1005edc418.png,145,729,2085,2438
00a7e1e81b2122e5a0f298155573e549.png,644,549,2580,2182
00a9f697d85a506d5b281f588addce4e.png,252,397,2155,2578
00aca42a24e4ea6066cca2546150c36e.png,421,354,2484,2026
00ad02393a5d0bd1e0dcf3196433499f.png,205,256,2680,2041
00b05e693202bb65a0c0ca7a0201495d.png,254,311,2234,2239
00bcb82818ea83d6a86df241762cd7d0.png,172,286,1653,1670
00bedb314b716e802e72799b17edb059.png,206,236,2108,2114
00c4051383149d0dbe166f38b67c9b52.png,242,362,2423,2383
00c726dca086fc483d639dd5f1ca48c0.png,409,349,2214,1763
00ce367afd1ecefd6bcbed64ce1f82b2.png,559,553,2763,2069
00dc70e84d141255f7fc6f8038bdd72e.png,33,426,1683,1897
00e25f831ccd21bd41b558cfccbf1be7.png,248,210,2115,1886
00e9d7e1203324adb7e6fcc02231e3aa.png,233,390,1860,2013
00ef59a43670dc2ae8edc383bcd52d97.png,692,512,2575,1913
00f14d2898f10c7019b359958e6bc3c4.png,248,396,1852,1717
00f2f97f74e086e1f82acc285ee4a5c5.png,162,360,2070,1493
010018c93ed33ae56ed048ee54867e46.png,520,498,2432,2307
01014f8d2c30a1fabc30f28e7de53467.png,216,219,2440,1908
0101ad90f31ddb8fb24e9935a3dac9db.png,221,413,2236,1875
0102f723b31790a32c35f877eb942bad.png,310,421,1733,1623
0108949daa13dc94634a7d650a05c0bb.png,130,478,2038,1887
010a3dbb67bc37800a041866844861b1.png,411,525,2247,2016
011244ab511b20130d846f5f8f0c3866.png,847,307,2715,1618
0114380e3fbe6089b4c15dc35c4b79e6.png,262,429,1833,1937
0114c5cd093c742334d5a5fa14140421.png,479,399,2281,2107
011ae9520e81f1efe71c9d954ec07d09.png,595,602,2654,2407
011eb641c20dc4eaa472382849a99dd4.png,198,517,1856,1699
0128fe112c2ee94f8ec176109b6ca112.png,181,359,1828,1884
012969950fbdd28bb50cfa447877cd4e.png,189,272,2063,2291
0129a93b23aa71e7ea2b8b988d1c5287.png,307,412,2152,1967
013893a5fa90241c65c3efcdbdd2cec1.png,577,369,2491,2211
013e3ac3f5ed61cde07f8c54d02b01d0.png,278,143,2323,2024
01415f1554556009b0eaf0ad7ca360bd.png,280,342,2367,2210
014b381459563f39d15b37e327f2766e.png,269,105,2430,2469
014cca776c9bd5da35715042cdd002a0.png,62,508,1812,2111
014e3dd712dc90f61da7ce8747d8c4c0.png,20,347,1818,2027
01546d3e6175ceaabd7d92f0c566579d.png,292,632,2421,2443
01551a642641ce4371d7a400666afde1.png,205,410,1832,1734
01570ee44031e4ebab6031501293bf66.png,144,358,1969,1794
015bf89fc34cde9fafe7c79366fecee7.png,162,330,2127,2035
015d74d7d2667a9b93b8909283af38c8.png,641,531,2618,2326
015e332b702e4829710941ab7265bd1d.png,277,329,1891,1600
0162dad8330007f8f0daf43bcf4033f1.png,637,259,2598,1686
017a9ba3b9db23e4f7ba819bdb343f7c.png,192,280,2395,2505
017cd6c78e753ae58e1795fac350f321.png,242,253,1791,1754
01807b02013b5eb9306ce74e5ecd6016.png,200,449,2123,2566
01815f05a4a4e424181a6d3be101dcd0.png,254,441,2017,2006
0187da5fd71c7a2917346bf12a67bbe4.png,211,411,2504,2316
01892129d76aaa1f59d4b22df8a14c0b.png,195,276,1779,1866
018a2fe44c3451281ec338c27ecc9c53.png,308,108,2209,2409
018b348fd699821cdbc5bdc0b329982c.png,195,500,2452,2556
018ea9aab6d856c9f9f299b11504de4e.png,182,361,1755,1740
018ef9c5d5b20c5161a5c48703171c3b.png,183,332,2071,2044
0191b567f08216ca642e04ef05537169.png,165,264,2192,1976
019456d451d855736ae5c32e2484a100.png,203,364,2335,2165
019668dbdc511714d119c10b87dca089.png,556,459,2547,2438
01a1e85c56486eccd29f3e824e745c2a.png,271,336,2169,2292
01a318b645d42db0cdcaf9a0b7605723.png,176,312,2317,2432
